<annotation>
	<folder>images</folder>
	<filename>image (166).jpg</filename>
	<path>C:\Users\Moses Olafenwa\Documents\AI\Custom Datasets\Headset - Detection\post-processing\hololens\images\image (166).jpg</path>
	<source>
		<database>Unknown</database>
	</source>
	<size>
		<width>300</width>
		<height>168</height>
		<depth>3</depth>
	</size>
	<segmented>0</segmented>
	<object>
		<name>hololens</name>
		<pose>Unspecified</pose>
		<truncated>0</truncated>
		<difficult>0</difficult>
		<bndbox>
			<xmin>40</xmin>
			<ymin>44</ymin>
			<xmax>64</xmax>
			<ymax>56</ymax>
		</bndbox>
	</object>
	<object>
		<name>hololens</name>
		<pose>Unspecified</pose>
		<truncated>0</truncated>
		<difficult>0</difficult>
		<bndbox>
			<xmin>235</xmin>
			<ymin>54</ymin>
			<xmax>263</xmax>
			<ymax>68</ymax>
		</bndbox>
	</object>
</annotation>
